656-716,capture/car_2023-08-21_18:03:37.jpg
GMJ,capture/car_2023-08-21_18:04:33.jpg
554 1,capture/car_2023-08-21_18:04:34.jpg
Tosh 183)
,capture/car_2023-08-21_18:04:33.jpg
Tesi 18 |
,capture/car_2023-08-21_18:04:34.jpg
Gem
,capture/car_2023-08-21_18:10:11.jpg
bs! ts)
,capture/car_2023-08-21_18:10:12.jpg
Px

GK

134)
,capture/car_2023-08-21_18:10:26.jpg
Tosh 183)
,capture/car_2023-08-21_18:04:33.jpg
Tosh 183)
,capture/car_2023-08-21_18:04:33.jpg
Tesi 18 |
,capture/car_2023-08-21_18:04:34.jpg
Gem
,capture/car_2023-08-21_18:10:11.jpg
bs! ts)
,capture/car_2023-08-21_18:10:12.jpg
Tosh 183)
,capture/car_2023-08-21_18:04:33.jpg
Tesi 18 |
,capture/car_2023-08-21_18:04:34.jpg
Gem
,capture/car_2023-08-21_18:10:11.jpg
bs! ts)
,capture/car_2023-08-21_18:10:12.jpg
Px

GK

134)
,capture/car_2023-08-21_18:10:26.jpg
GK

134]
,capture/car_2023-08-21_18:10:27.jpg
934)
,capture/car_2023-08-21_18:10:28.jpg
934)
,capture/car_2023-08-21_18:10:29.jpg
xc-934)
,capture/car_2023-08-21_18:10:31.jpg
